-- Insert sample movies
INSERT INTO movies (movie_id, title, genre, lang, duration, image_url) VALUES
(1, 'Inception', 'Sci-Fi', 'English', 148, 'https://m.media-amazon.com/images/M/MV5BMjAxMzc5ODctNTkxOC00ODg3LWFmMGUtMjEwNmJmMTc0ZTZlXkEyXkFjcGdeQXVyNzkwMjQ5NzM@._V1_SX300.jpg'),
(2, 'The Dark Knight', 'Action', 'English', 152, 'https://m.media-amazon.com/images/M/MV5BMTMxNTMwODM0NF5BMl5BanBnXkFtZTcwMDAwNDY3Mw@@._V1_SX300.jpg'),
(3, 'Interstellar', 'Sci-Fi', 'English', 169, 'https://m.media-amazon.com/images/M/MV5BZjdkOTU3MDktN2IxOS00OGEyLWFmMTAtODZhMDJlYWI0MmQ1XkEyXkFjcGdeQXVyMzQ0MjM5NjU@._V1_SX300.jpg'),
(4, 'Dunkirk', 'War', 'English', 106, 'https://m.media-amazon.com/images/M/MV5BN2YwZWI5ODgtMDc4Ny00Mjk0LWFmZTAtMDMyMGE2YTg1Zjg2XkEyXkFjcGdeQXVyMDA4NzMyOA@@._V1_SX300.jpg'),
(5, 'Avatar', 'Sci-Fi', 'English', 162, 'https://m.media-amazon.com/images/M/MV5BMjAxMzc5ODctNTkxOC00OGg3LWFmMGUtMjEwNmJmMTc0ZTZlXkEyXkFjcGdeQXVyNzkwMjQ5NzM@._V1_SX300.jpg'),
(6, 'The Shawshank Redemption', 'Drama', 'English', 142, 'https://m.media-amazon.com/images/M/MV5BNDE3ODcxYzMtY2lkMS00MDAyLWFmMzItMjhhZjFmYjdiY2m4XkEyXkFjcGdeQXVyNjAwNDUxODI@._V1_SX300.jpg'),
(7, 'The Godfather', 'Crime', 'English', 175, 'https://m.media-amazon.com/images/M/MV5BM2MyNjYxNmUtYTAwNC00MTMyLWFwM2ItYjAzODI1MDg0MjljXkEyXkFjcGdeQXVyNzU1NzE3NTg@._V1_SX300.jpg'),
(8, 'Pulp Fiction', 'Crime', 'English', 154, 'https://m.media-amazon.com/images/M/MV5BNGNhMDIzZTUtNTBlZi00MTRlLWFjM2ItMDJlNTRkZmE3ZjMwXkEyXkFjcGdeQXVyNzkwMjQ5NzM@._V1_SX300.jpg'),
(9, 'Forrest Gump', 'Drama', 'English', 142, 'https://m.media-amazon.com/images/M/MV5BNWIwODRlZTUtY2U3ZS00Yzg1LWJhMzYtMmZiMzhhZGM1MDA1XkEyXkFjcGdeQXVyMTQwMzAxODk@._V1_SX300.jpg'),
(10, 'The Matrix', 'Sci-Fi', 'English', 136, 'https://m.media-amazon.com/images/M/MV5BNzQzOTk3OTAtNDQ0Zi00ZTVkLWI0MTEtMDl2OTg0Mjg5NzA1XkEyXkFjcGdeQXVyNzkwMjQ5NzM@._V1_SX300.jpg'),
(11, 'Gladiator', 'Action', 'English', 155, 'https://m.media-amazon.com/images/M/MV5BMzg0NDc5YTg3Ny5BMl5BanBnXkFtZTcwNDY2NzE3NA@@._V1_SX300.jpg'),
(12, 'Titanic', 'Romance', 'English', 195, 'https://m.media-amazon.com/images/M/MV5BMzQwOGNhY2YtOWRkNi00MGNkLWI4NDItYTg0YjFjMzQ1MzFmXkEyXkFjcGdeQXVyNzU1NzE3NTg@._V1_SX300.jpg'),
(13, 'The Lion King', 'Animation', 'English', 88, 'https://m.media-amazon.com/images/M/MV5BYTYxNGMyNWYtYzg3NC00MzJhLWI4MzItMmQ1OWJkZjAxYjA3XkEyXkFjcGdeQXVyMTA0MTM2NzQz._V1_SX300.jpg'),
(14, 'Jurassic Park', 'Adventure', 'English', 127, 'https://m.media-amazon.com/images/M/MV5BMjM2MDg3M2YtMWY3MC00NzMyLWE4NTAtMmMzNGQzODg2MDA3XkEyXkFjcGdeQXVyNTUyNTc5MjA@._V1_SX300.jpg'),
(15, 'The Avengers', 'Action', 'English', 143, 'https://m.media-amazon.com/images/M/MV5BNDYxNjQyMjAtNTdiOS00NGYwLWFmNTAtNThmY2JmNTA4ZDZlXkEyXkFjcGdeQXVyMTMxODk2OTU@._V1_SX300.jpg'),
(16, 'Spider-Man', 'Action', 'English', 121, 'https://m.media-amazon.com/images/M/MV5BZDEyN2NhMjgtMjdhNy00MmY2LTg3YmYtODEwNmNjNTc4MzA5XkEyXkFjcGdeQXVyNDYyMDk5NjU@._V1_SX300.jpg'),
(17, 'Iron Man', 'Action', 'English', 126, 'https://m.media-amazon.com/images/M/MV5BMTczNTI2NTk0OF5BMl5BanBnXkFtZTcwMTU0NTc3MQ@@._V1_SX300.jpg'),
(18, 'Thor', 'Action', 'English', 115, 'https://m.media-amazon.com/images/M/MV5BOQUE3MDEyODU0Nl5BMl5BanBnXkFtZTcwNzEyNDUzNw@@._V1_SX300.jpg'),
(19, 'Captain America', 'Action', 'English', 124, 'https://m.media-amazon.com/images/M/MV5BMjE2OTFkYzAtMTkyNi00OTc4LTk4YjItMTQ0YjYxMDAyNzA5XkEyXkFjcGdeQXVyNTI4MjkwMjM@._V1_SX300.jpg'),
(20, 'Black Panther', 'Action', 'English', 134, 'https://m.media-amazon.com/images/M/MV5BMTg1MTY2MjYzNV5BMl5BanBnXkFtZTgwMTc4NTM5NjI@._V1_SX300.jpg'),
(21, 'Dangal', 'Drama', 'Hindi', 161, 'https://m.media-amazon.com/images/M/MV5BOTI0MzcwNzgtNDdhOC00ZTA5LWI3MzUtYTk5ZTdhYmFmMzYxXkEyXkFjcGdeQXVyODE4NzMyNw@@._V1_SX300.jpg'),
(22, '3 Idiots', 'Comedy', 'Hindi', 170, 'https://m.media-amazon.com/images/M/MV5BNTgyODZiNTEtNDhhMy00YjE5LTk2ZjMtMzAxNjAxOGQwODI5XkEyXkFjcGdeQXVyNzU1NzE3NTg@._V1_SX300.jpg'),
(23, 'PK', 'Comedy', 'Hindi', 153, 'https://m.media-amazon.com/images/M/MV5BOTEzMDk1ODcwMV5BMl5BanBnXkFtZTgwNzgyNjkxMzE@._V1_SX300.jpg'),
(24, 'Baahubali', 'Action', 'Telugu', 159, 'https://m.media-amazon.com/images/M/MV5BMjMxMTEyMjM4MV5BMl5BanBnXkFtZTgwODMyNDk1NzE@._V1_SX300.jpg'),
(25, 'Baahubali 2', 'Action', 'Telugu', 167, 'https://m.media-amazon.com/images/M/MV5BMjI0N2JhZWItYzcxYi00ZjAyLTkzMzEtOGQ5YjY2MDI3NzBkXkEyXkFjcGdeQXVyNzU1NzE3NTg@._V1_SX300.jpg'),
(26, 'RRR', 'Action', 'Telugu', 187, 'https://m.media-amazon.com/images/M/MV5BMjU3NjY3NzY1Ml5BMl5BanBnXkFtZTgwNDk2NzQ1NDI@._V1_SX300.jpg'),
(27, 'KGF', 'Action', 'Kannada', 156, 'https://m.media-amazon.com/images/M/MV5BZGJmMDBiOWUtN2ZhNC00YTYyLWI1OGItMGQ3YjMxODAwZDkwXkEyXkFjcGdeQXVyMzI3MzAwODk@._V1_SX300.jpg'),
(28, 'KGF 2', 'Action', 'Kannada', 168, 'https://m.media-amazon.com/images/M/MV5BN2Q5ZGItY2I0YS00OGUwLTk3NTctZTczN2JhZDhjZWVjXkEyXkFjcGdeQXVyMTI2NDI1MzU@._V1_SX300.jpg'),
(29, 'Pushpa', 'Action', 'Telugu', 179, 'https://m.media-amazon.com/images/M/MV5BMTk0MzIyMDEwOF5BMl5BanBnXkFtZTgwNzAwMTc5NzI@._V1_SX300.jpg'),
(30, 'Soorarai Pottru', 'Drama', 'Tamil', 153, 'https://m.media-amazon.com/images/M/MV5BMTJkMzYyYzItMWUwYS00ODQ3LWE2MzAtYWQ3OWJmMzY2ZDcwXkEyXkFjcGdeQXVyMTI5MzAwMjk@._V1_SX300.jpg'),
(31, 'Vikram', 'Action', 'Tamil', 174, 'https://m.media-amazon.com/images/M/MV5BYzBjNzUxNTItMWRjNy00MzIzLWI0OGYtZTJjZjBhNzU5MTkwXkEyXkFjcGdeQXVyMTE2NzI5MDUyOQ@@._V1_SX300.jpg'),
(32, 'Master', 'Action', 'Tamil', 179, 'https://m.media-amazon.com/images/M/MV5BN2E5NzU0ZjctNDJkOC00OWE5LWI5ZGYtOGNlNWM0YTkyYzA3XkEyXkFjcGdeQXVyMDkxODI1NjM@._V1_SX300.jpg'),
(33, 'Sardar', 'Thriller', 'Tamil', 165, 'https://m.media-amazon.com/images/M/MV5BZjBhMGE5MzQtYzVhOC00Nzk4LTlmZDQtODg3ZDJhYTZlMjQ2XkEyXkFjcGdeQXVyMzAwNDI1Mg@@._V1_SX300.jpg'),
(34, 'Pathaan', 'Action', 'Hindi', 146, 'https://m.media-amazon.com/images/M/MV5BMjA5MjIwNTI4Ml5BMl5BanBnXkFtZTgwMzQxODI0NzI@._V1_SX300.jpg'),
(35, 'Jawan', 'Action', 'Hindi', 169, 'https://m.media-amazon.com/images/M/MV5BMmFkM2ZlZGYtYjkxOC00YWYzLWE3YjItMDk4ZGI5MzMwY2NlXkEyXkFjcGdeQXVyMjkxNzk1NDg@._V1_SX300.jpg'),
(36, 'War', 'Action', 'Hindi', 156, 'https://m.media-amazon.com/images/M/MV5BZDQxMzJjZGItZDAyNS00YzQwLWJjYjgtMzBhZDZjYzI2NGI4XkEyXkFjcGdeQXVyMzY4Nzk0MDA@._V1_SX300.jpg'),
(37, 'Tiger 3', 'Action', 'Hindi', 158, 'https://m.media-amazon.com/images/M/MV5BNDQ5ODExYTUtMTUzYi00ZTMyLThhYzQtYTEzMzBiMGY4NTkxXkEyXkFjcGdeQXVyMjkxNzk1NDg@._V1_SX300.jpg'),
(38, 'Dhoom 3', 'Action', 'Hindi', 172, 'https://m.media-amazon.com/images/M/MV5BZDQ3MDMyOGYtYjk1NC00OGIyLWI2MDktOTU1ZGVmNDczNDY2XkEyXkFjcGdeQXVyMzY4Nzk0MDA@._V1_SX300.jpg'),
(39, 'Krrish', 'Sci-Fi', 'Hindi', 154, 'https://m.media-amazon.com/images/M/MV5BMjI2OTM3NzMtZTdlNi00NjU5LTkyODItYzQwNTU4MDRjZjEwXkEyXkFjcGdeQXVyMjkxNzk1NDg@._V1_SX300.jpg'),
(40, 'Ra.One', 'Sci-Fi', 'Hindi', 156, 'https://m.media-amazon.com/images/M/MV5BMTQzMDk5MzU0N15BMl5BanBnXkFtZTcwMzQzOTQwNQ@@._V1_SX300.jpg'),
(41, 'The Conjuring', 'Horror', 'English', 112, 'https://m.media-amazon.com/images/M/MV5BMTM4Njc2NzA4MV5BMl5BanBnXkFtZTcwMTI2OTQzOQ@@._V1_SX300.jpg'),
(42, 'Insidious', 'Horror', 'English', 103, 'https://m.media-amazon.com/images/M/MV5BMjI4OTdjNDU3OF5BMl5BanBnXkFtZTcwNzA1OTMyNA@@._V1_SX300.jpg'),
(43, 'The Exorcist', 'Horror', 'English', 122, 'https://m.media-amazon.com/images/M/MV5BYzc3MDlhMzYtM2RjNC00YjE3LWI3MTItOWFiMzE5OWZmMWMzXkEyXkFjcGdeQXVyMTQxNzMzNDI@._V1_SX300.jpg'),
(44, 'Get Out', 'Horror', 'English', 104, 'https://m.media-amazon.com/images/M/MV5BMjUxMzk2ODQtNWNlNC00NzFmLWE1ZDAtZTAwOWY4YzhhNDkwXkEyXkFjcGdeQXVyMzY4Nzk0MDA@._V1_SX300.jpg'),
(45, 'A Quiet Place', 'Horror', 'English', 90, 'https://m.media-amazon.com/images/M/MV5BMjI0MDMzNTQ0M15BMl5BanBnXkFtZTgwMzcyNDk1OTI@._V1_SX300.jpg'),
(46, 'The Notebook', 'Romance', 'English', 123, 'https://m.media-amazon.com/images/M/MV5BMTk3OTM5Njg4NV5BMl5BanBnXkFtZTcwMzY1MDA1MQ@@._V1_SX300.jpg'),
(47, 'La La Land', 'Romance', 'English', 128, 'https://m.media-amazon.com/images/M/MV5BMzY1MzE3OTA1NV5BMl5BanBnXkFtZTgwODk0NjMyMDI@._V1_SX300.jpg'),
(48, 'The Fault in Our Stars', 'Romance', 'English', 126, 'https://m.media-amazon.com/images/M/MV5BMTczMzk0MzUwMl5BMl5BanBnXkFtZTgwODc4OTM5NzE@._V1_SX300.jpg'),
(49, 'Me Before You', 'Romance', 'English', 110, 'https://m.media-amazon.com/images/M/MV5BMTYxNTYwNTA1Ml5BMl5BanBnXkFtZTgwNDg1NDQ1NjE@._V1_SX300.jpg'),
(50, 'Pride and Prejudice', 'Romance', 'English', 127, 'https://m.media-amazon.com/images/M/MV5BMjMxNjY3OTI0Ml5BMl5BanBnXkFtZTcwNzc3NDI5NQ@@._V1_SX300.jpg'),
(51, 'The Hangover', 'Comedy', 'English', 100, 'https://m.media-amazon.com/images/M/MV5BMTY3OTI5NDczN15BMl5BanBnXkFtZTcwMzY5NDI4Ng@@._V1_SX300.jpg'),
(52, 'Superbad', 'Comedy', 'English', 113, 'https://m.media-amazon.com/images/M/MV5BMTUyMDg4Nzk1Nl5BMl5BanBnXkFtZTcwMzc4NzExMw@@._V1_SX300.jpg'),
(53, 'Step Brothers', 'Comedy', 'English', 98, 'https://m.media-amazon.com/images/M/MV5BMTkwMTAxMDEwMl5BMl5BanBnXkFtZTYwNzAxODk0._V1_SX300.jpg'),
(54, 'Bridesmaids', 'Comedy', 'English', 125, 'https://m.media-amazon.com/images/M/MV5BMjE1MTM4NzAxMl5BMl5BanBnXkFtZTcwMjE1MzAzNw@@._V1_SX300.jpg'),
(55, 'The Grand Budapest Hotel', 'Comedy', 'English', 99, 'https://m.media-amazon.com/images/M/MV5BMzM5NzUyOTg0Ml5BMl5BanBnXkFtZTgwNjEyMDU0MzE@._V1_SX300.jpg'),
(56, 'Shutter Island', 'Thriller', 'English', 138, 'https://m.media-amazon.com/images/M/MV5BMTIwZDRkMzItZTAwOC00YTU4LWI3MzAtMWE3ZDAwNWM1NzAwXkEyXkFjcGdeQXVyMjM4NjQ5Nzk@._V1_SX300.jpg'),
(57, 'Gone Girl', 'Thriller', 'English', 149, 'https://m.media-amazon.com/images/M/MV5BMzg2NzI3NzMwMV5BMl5BanBnXkFtZTcwNDkxODI1Mw@@._V1_SX300.jpg'),
(58, 'The Silence of the Lambs', 'Thriller', 'English', 118, 'https://m.media-amazon.com/images/M/MV5BMzkxMDc2MjMwMl5BMl5BanBnXkFtZTcwODEwNjUyMQ@@._V1_SX300.jpg'),
(59, 'Seven', 'Thriller', 'English', 127, 'https://m.media-amazon.com/images/M/MV5BOTUwODM5MTctZjRiNy00MzAxLTk3OTAtNDBlLWEwZTRlYWFmMzQ0MV5BMl5BanBnXkFtZTcwMjExMzM3Mw@@._V1_SX300.jpg'),
(60, 'Zodiac', 'Thriller', 'English', 157, 'https://m.media-amazon.com/images/M/MV5BMjI5NjE5MDU5Nl5BMl5BanBnXkFtZTcwMjkzNjQzMw@@._V1_SX300.jpg'),
(61, 'Finding Nemo', 'Animation', 'English', 100, 'https://m.media-amazon.com/images/M/MV5BZTZjNzI5MDEtZGVmNy00ZDdhLTk3ZTItYTZmYzJmNmM0NzVmXkEyXkFjcGdeQXVyNjU0OTQ0ODE@._V1_SX300.jpg'),
(62, 'Toy Story', 'Animation', 'English', 81, 'https://m.media-amazon.com/images/M/MV5BMDU2ZWJlMjktMTRhMy00ZTA5LWI3NTAtOTU0ZjM1YWFiZjBhXkEyXkFjcGdeQXVyNDQ2OTk4OTQ@._V1_SX300.jpg'),
(63, 'Frozen', 'Animation', 'English', 102, 'https://m.media-amazon.com/images/M/MV5BMTQ1MjQwMTE2OF5BMl5BanBnXkFtZTgwNjM1ODk1MzE@._V1_SX300.jpg'),
(64, 'Moana', 'Animation', 'English', 107, 'https://m.media-amazon.com/images/M/MV5BMjI4MzU4MjUxNV5BMl5BanBnXkFtZTgwMzc1MTQ2ODI@._V1_SX300.jpg'),
(65, 'Coco', 'Animation', 'English', 105, 'https://m.media-amazon.com/images/M/MV5BMjQ0MTgyOTAxMV5BMl5BanBnXkFtZTgwODEwMjI0NDM@._V1_SX300.jpg'),
(66, 'Up', 'Animation', 'English', 96, 'https://m.media-amazon.com/images/M/MV5BMDAwNDcyMzItMzAwYS00MDZkLWE2MjMtYjE1ZGJjMzI1NzVkXkEyXkFjcGdeQXVyNTA4NzY1MzY@._V1_SX300.jpg'),
(67, 'WALL-E', 'Animation', 'English', 98, 'https://m.media-amazon.com/images/M/MV5BMjExMTg5OTU0NF5BMl5BanBnXkFtZTcwMzg5Nzk3NA@@._V1_SX300.jpg'),
(68, 'Inside Out', 'Animation', 'English', 95, 'https://m.media-amazon.com/images/M/MV5BOTMyNjA0MTEwNF5BMl5BanBnXkFtZTgwNjMwMTQ5NjE@._V1_SX300.jpg'),
(69, 'Ratatouille', 'Animation', 'English', 111, 'https://m.media-amazon.com/images/M/MV5BMTMzODU0MDcyMF5BMl5BanBnXkFtZTcwMzA5Nzk3NA@@._V1_SX300.jpg'),
(70, 'The Incredibles', 'Animation', 'English', 115, 'https://m.media-amazon.com/images/M/MV5BODMyNjk2ZDAtMzAxOC00NTc3LTk1NTItMDAwYTBhNzFmOGQ5XkEyXkFjcGdeQXVyNTA4NzY1MzY@._V1_SX300.jpg'),
(71, 'Chennai Express', 'Comedy', 'Hindi', 141, 'https://m.media-amazon.com/images/M/MV5BMjI4MzIzMjctNGQ4Yi00NGE1LWFhNmItNzEzZWEzZmE3ZWU2XkEyXkFjcGdeQXVyMzY4Nzk0MDA@._V1_SX300.jpg'),
(72, 'Golmaal', 'Comedy', 'Hindi', 150, 'https://m.media-amazon.com/images/M/MV5BMTk1MDUzNzQ4Ml5BMl5BanBnXkFtZTcwODQwNTMyMw@@._V1_SX300.jpg'),
(73, 'Housefull', 'Comedy', 'Hindi', 153, 'https://m.media-amazon.com/images/M/MV5BMTYyOTI0NDg0MF5BMl5BanBnXkFtZTcwMzU3NzExMw@@._V1_SX300.jpg'),
(74, 'Hera Pheri', 'Comedy', 'Hindi', 156, 'https://m.media-amazon.com/images/M/MV5BMzIxMDE4MjQzN15BMl5BanBnXkFtZTcwMjMyNzQyMw@@._V1_SX300.jpg'),
(75, 'Andhadhun', 'Thriller', 'Hindi', 139, 'https://m.media-amazon.com/images/M/MV5BMTM3OTEyMjExMl5BMl5BanBnXkFtZTgwMzE2MTMwMjI@._V1_SX300.jpg'),
(76, 'Drishyam', 'Thriller', 'Hindi', 163, 'https://m.media-amazon.com/images/M/MV5BMzY3OTAwNTEtOTMyMi00MzA4LWJkN2YtYzhkNDc5OGE0OTgzXkEyXkFjcGdeQXVyNTA0OTUwMDQ@._V1_SX300.jpg'),
(77, 'Kahaani', 'Thriller', 'Hindi', 122, 'https://m.media-amazon.com/images/M/MV5BMjA4MzUzOTI3OV5BMl5BanBnXkFtZTcwNDI1NDg4Nw@@._V1_SX300.jpg'),
(78, 'Talaash', 'Thriller', 'Hindi', 140, 'https://m.media-amazon.com/images/M/MV5BMzA2NTMxNDAtZWFmOC00YTk4LTgxZmEtZGZmMGU0NzNlZGY1XkEyXkFjcGdeQXVyMzY4Nzk0MDA@._V1_SX300.jpg'),
(79, 'Zindagi Na Milegi Dobara', 'Drama', 'Hindi', 155, 'https://m.media-amazon.com/images/M/MV5BMzYwZjJmMDMtYmU3YS00OGI5LWIxMjQtMzE3NzY0ZTEwM2I3XkEyXkFjcGdeQXVyMzY4Nzk0MDA@._V1_SX300.jpg'),
(80, 'Dil Chahta Hai', 'Drama', 'Hindi', 183, 'https://m.media-amazon.com/images/M/MV5BOTZmZTkxZTAtODNjYS00MWE0LWJlZTgtYzA5MWQ5MmM5OTAyXkEyXkFjcGdeQXVyMzY4Nzk0MDA@._V1_SX300.jpg'),
(81, 'Lagaan', 'Drama', 'Hindi', 224, 'https://m.media-amazon.com/images/M/MV5BMTcwMjc0MzA5M15BMl5BanBnXkFtZTcwMzMyNzQyMw@@._V1_SX300.jpg'),
(82, 'Swades', 'Drama', 'Hindi', 189, 'https://m.media-amazon.com/images/M/MV5BOTcwMDI0MzA5MF5BMl5BanBnXkFtZTcwMzMyNzQyMw@@._V1_SX300.jpg'),
(83, 'Taare Zameen Par', 'Drama', 'Hindi', 165, 'https://m.media-amazon.com/images/M/MV5BMzMxNTg3MjMwN15BMl5BanBnXkFtZTcwMzMyNzQyMw@@._V1_SX300.jpg'),
(84, 'Rang De Basanti', 'Drama', 'Hindi', 157, 'https://m.media-amazon.com/images/M/MV5BMzYzOTQ0MzA3M15BMl5BanBnXkFtZTcwMzMyNzQyMw@@._V1_SX300.jpg'),
(85, 'Chak De India', 'Drama', 'Hindi', 153, 'https://m.media-amazon.com/images/M/MV5BMjA4MzUzOTI3OV5BMl5BanBnXkFtZTcwMzMyNzQyMw@@._V1_SX300.jpg'),
(86, 'Queen', 'Drama', 'Hindi', 146, 'https://m.media-amazon.com/images/M/MV5BMzQ2MzBhMDctOTg0MS00YTA2LWI1MzAtZDQ4MGMzNWRhMDkzXkEyXkFjcGdeQXVyNzU1NzE3NTg@._V1_SX300.jpg'),
(87, 'Pink', 'Drama', 'Hindi', 136, 'https://m.media-amazon.com/images/M/MV5BMTA1NTI0OTYwMzBeXkEyXkFjcGdeQXVyNzU1NzE3NTg@._V1_SX300.jpg'),
(88, 'Piku', 'Drama', 'Hindi', 123, 'https://m.media-amazon.com/images/M/MV5BMjAxNzk4NzQxMF5BMl5BanBnXkFtZTcwNzI2MTc0OQ@@._V1_SX300.jpg'),
(89, 'Bajrangi Bhaijaan', 'Drama', 'Hindi', 163, 'https://m.media-amazon.com/images/M/MV5BMjAxMzc5ODctNTkxOC00OGg3LWFmMGUtMjEwNmJmMTc0ZTZlXkEyXkFjcGdeQXVyNjAwNDUxODI@._V1_SX300.jpg'),
(90, 'Sultan', 'Drama', 'Hindi', 170, 'https://m.media-amazon.com/images/M/MV5BMTMxNjA3MDIyMV5BMl5BanBnXkFtZTgwODUwMDQ0OTI@._V1_SX300.jpg'),
(91, 'The Lord of the Rings', 'Fantasy', 'English', 178, 'https://m.media-amazon.com/images/M/MV5BNzc3Mjk1NjU1Nl5BMl5BanBnXkFtZTcwMzI3MDk3Mw@@._V1_SX300.jpg'),
(92, 'Harry Potter', 'Fantasy', 'English', 152, 'https://m.media-amazon.com/images/M/MV5BMjMxODU0NjcyN15BMl5BanBnXkFtZTcwODA4NjMyMw@@._V1_SX300.jpg'),
(93, 'Star Wars', 'Sci-Fi', 'English', 121, 'https://m.media-amazon.com/images/M/MV5BNzlkNzc0MDEtOWY2Yi00ODMzLWE5YmEtODkzNGY4ZDZlNDk1XkEyXkFjcGdeQXVyNjc1NTYyMjg@._V1_SX300.jpg'),
(94, 'Blade Runner', 'Sci-Fi', 'English', 117, 'https://m.media-amazon.com/images/M/MV5BNzQzMzJhNzEtOWM0ZC00NmQ4LWE3ZTAtMjE4MzY1MjU4NzAxXkEyXkFjcGdeQXVyNjU0OTQ0ODE@._V1_SX300.jpg'),
(95, 'The Terminator', 'Sci-Fi', 'English', 107, 'https://m.media-amazon.com/images/M/MV5BMGU2NzAwNzgtOTRmMi00MDAyLWE3MzAtNzA3OGY0NzllNmMxXkEyXkFjcGdeQXVyNjc1NTYyMjg@._V1_SX300.jpg'),
(96, 'Alien', 'Sci-Fi', 'English', 117, 'https://m.media-amazon.com/images/M/MV5BMmQ2MmU3NzktZjUzNC00OTdjLWEzNDAtMDJlODQyMDcyODkxXkEyXkFjcGdeQXVyNjc1NTYyMjg@._V1_SX300.jpg'),
(97, 'Mad Max', 'Action', 'English', 120, 'https://m.media-amazon.com/images/M/MV5BNTM3YjIyNTEtOWM4Mi00ZTEzLWIwNDItZTAwMjAxMmE2YzAxXkEyXkFjcGdeQXVyNjU0OTQ0ODE@._V1_SX300.jpg'),
(98, 'John Wick', 'Action', 'English', 101, 'https://m.media-amazon.com/images/M/MV5BMjE2MTcxNTAxMF5BMl5BanBnXkFtZTgwNjE1MzY4NzE@._V1_SX300.jpg'),
(99, 'Mission Impossible', 'Action', 'English', 110, 'https://m.media-amazon.com/images/M/MV5BZTZjNzI5MDEtZGVmNy00ZDdhLTk3ZTItYTZmYzJmNmM0NzVmXkEyXkFjcGdeQXVyNzU1NzE3NTg@._V1_SX300.jpg'),
(100, 'Fast and Furious', 'Action', 'English', 106, 'https://m.media-amazon.com/images/M/MV5BMjI5NzI5MzI0OF5BMl5BanBnXkFtZTcwMDU5NzQyMw@@._V1_SX300.jpg');

-- Insert theaters with multiple cities
INSERT INTO theaters (theater_id, name, city) VALUES
(1, 'PVR Cinemas Premium', 'Mumbai'),
(2, 'INOX Theater Deluxe', 'Delhi'),
(3, 'Cinepolis Premiere', 'Bangalore'),
(4, 'Carnival Cinemas IMAX', 'Pune'),
(5, 'Miraj Cinemas Elite', 'Hyderabad'),
(6, 'PVR Iris', 'Mumbai'),
(7, 'INOX MGF', 'Delhi'),
(8, 'Cinepolis Forum', 'Bangalore'),
(9, 'Carnival PVEX', 'Pune'),
(10, 'Miraj Aqua', 'Hyderabad');

-- Insert comprehensive shows (multiple shows per movie across theaters)
INSERT INTO shows (show_id, movie_id, theater_id, timing, available_seats) VALUES
(1, 1, 1, '10:00 AM', 50),
(2, 1, 1, '02:00 PM', 50),
(3, 1, 1, '06:00 PM', 50),
(4, 2, 2, '11:00 AM', 50),
(5, 2, 2, '03:00 PM', 50),
(6, 2, 2, '07:00 PM', 50),
(7, 3, 3, '09:30 AM', 50),
(8, 3, 3, '01:30 PM', 50),
(9, 3, 3, '05:30 PM', 50),
(10, 4, 4, '10:30 AM', 50),
(11, 4, 4, '02:30 PM', 50),
(12, 4, 4, '06:30 PM', 50),
(13, 5, 5, '11:30 AM', 50),
(14, 5, 5, '03:30 PM', 50),
(15, 5, 5, '07:30 PM', 50),
(16, 6, 1, '09:00 AM', 50),
(17, 7, 2, '10:00 AM', 50),
(18, 8, 3, '11:00 AM', 50),
(19, 9, 4, '12:00 PM', 50),
(20, 10, 5, '01:00 PM', 50),
(21, 11, 1, '02:00 PM', 50),
(22, 12, 2, '03:00 PM', 50),
(23, 13, 3, '04:00 PM', 50),
(24, 14, 4, '05:00 PM', 50),
(25, 15, 5, '06:00 PM', 50),
(26, 16, 1, '07:00 PM', 50),
(27, 17, 2, '08:00 PM', 50),
(28, 18, 3, '09:00 PM', 50),
(29, 19, 4, '09:30 AM', 50),
(30, 20, 5, '10:30 AM', 50),
(31, 21, 1, '11:30 AM', 50),
(32, 22, 2, '12:30 PM', 50),
(33, 23, 3, '01:30 PM', 50),
(34, 24, 4, '02:30 PM', 50),
(35, 25, 5, '03:30 PM', 50),
(36, 26, 1, '04:30 PM', 50),
(37, 27, 2, '05:30 PM', 50),
(38, 28, 3, '06:30 PM', 50),
(39, 29, 4, '07:30 PM', 50),
(40, 30, 5, '08:30 PM', 50),
(41, 31, 1, '09:00 AM', 50),
(42, 32, 2, '10:00 AM', 50),
(43, 33, 3, '11:00 AM', 50),
(44, 34, 4, '12:00 PM', 50),
(45, 35, 5, '01:00 PM', 50),
(46, 36, 1, '02:00 PM', 50),
(47, 37, 2, '03:00 PM', 50),
(48, 38, 3, '04:00 PM', 50),
(49, 39, 4, '05:00 PM', 50),
(50, 40, 5, '06:00 PM', 50),
(51, 41, 1, '07:00 PM', 50),
(52, 42, 2, '08:00 PM', 50),
(53, 43, 3, '09:00 PM', 50),
(54, 44, 4, '09:30 AM', 50),
(55, 45, 5, '10:30 AM', 50),
(56, 46, 1, '11:30 AM', 50),
(57, 47, 2, '12:30 PM', 50),
(58, 48, 3, '01:30 PM', 50),
(59, 49, 4, '02:30 PM', 50),
(60, 50, 5, '03:30 PM', 50),
(61, 51, 1, '04:30 PM', 50),
(62, 52, 2, '05:30 PM', 50),
(63, 53, 3, '06:30 PM', 50),
(64, 54, 4, '07:30 PM', 50),
(65, 55, 5, '08:30 PM', 50),
(66, 56, 1, '09:00 AM', 50),
(67, 57, 2, '10:00 AM', 50),
(68, 58, 3, '11:00 AM', 50),
(69, 59, 4, '12:00 PM', 50),
(70, 60, 5, '01:00 PM', 50),
(71, 61, 1, '02:00 PM', 50),
(72, 62, 2, '03:00 PM', 50),
(73, 63, 3, '04:00 PM', 50),
(74, 64, 4, '05:00 PM', 50),
(75, 65, 5, '06:00 PM', 50),
(76, 66, 1, '07:00 PM', 50),
(77, 67, 2, '08:00 PM', 50),
(78, 68, 3, '09:00 PM', 50),
(79, 69, 4, '09:30 AM', 50),
(80, 70, 5, '10:30 AM', 50),
(81, 71, 1, '11:30 AM', 50),
(82, 72, 2, '12:30 PM', 50),
(83, 73, 3, '01:30 PM', 50),
(84, 74, 4, '02:30 PM', 50),
(85, 75, 5, '03:30 PM', 50),
(86, 76, 1, '04:30 PM', 50),
(87, 77, 2, '05:30 PM', 50),
(88, 78, 3, '06:30 PM', 50),
(89, 79, 4, '07:30 PM', 50),
(90, 80, 5, '08:30 PM', 50),
(91, 81, 1, '09:00 AM', 50),
(92, 82, 2, '10:00 AM', 50),
(93, 83, 3, '11:00 AM', 50),
(94, 84, 4, '12:00 PM', 50),
(95, 85, 5, '01:00 PM', 50),
(96, 86, 1, '02:00 PM', 50),
(97, 87, 2, '03:00 PM', 50),
(98, 88, 3, '04:00 PM', 50),
(99, 89, 4, '05:00 PM', 50),
(100, 90, 5, '06:00 PM', 50),
(101, 91, 1, '07:00 PM', 50),
(102, 92, 2, '08:00 PM', 50),
(103, 93, 3, '09:00 PM', 50),
(104, 94, 4, '09:30 AM', 50),
(105, 95, 5, '10:30 AM', 50),
(106, 96, 1, '11:30 AM', 50),
(107, 97, 2, '12:30 PM', 50),
(108, 98, 3, '01:30 PM', 50),
(109, 99, 4, '02:30 PM', 50),
(110, 100, 5, '03:30 PM', 50);

-- Insert sample users
INSERT INTO users (user_id, name, email, phone) VALUES
(1, 'John Doe', 'john@example.com', '9876543210'),
(2, 'Jane Smith', 'jane@example.com', '9876543211');

-- Insert sample seats for show 1
INSERT INTO seat (seat_id, show_id, seat_number, is_booked) VALUES
(1, 1, 'A1', false),
(2, 1, 'A2', false),
(3, 1, 'A3', false),
(4, 1, 'B1', false),
(5, 1, 'B2', false);
